sample,Acidobacteriota,Actinomycetota,Aquificota,Armatimonadota,Atribacterota,Bacillariophyta,Bacillota,Bacteroidota,Balneolota,Bdellovibrionota,Caldisericota,Calditrichota,Campylobacterota,Candidatus Cloacimonadota,Candidatus Lokiarchaeota,Candidatus Micrarchaeota,Candidatus Nanohaloarchaeota,Candidatus Saccharibacteria,Candidatus Thermoplasmatota,Chlamydiota,Chlorobiota,Chloroflexota,Chrysiogenota,Coprothermobacterota,Cyanobacteriota,Deferribacterota,Deinococcota,Dictyoglomota,Elusimicrobiota,Euryarchaeota,Evosea,Fibrobacterota,Fusobacteriota,Gemmatimonadota,Ignavibacteriota,Kiritimatiellota,Lentisphaerota,Mycoplasmatota,Myxococcota,Nanoarchaeota,Nitrososphaerota,Nitrospinota,Nitrospirota,Planctomycetota,Pseudomonadota,Rhodophyta,Rhodothermota,Spirochaetota,Synergistota,Thermodesulfobacteriota,Thermomicrobiota,Thermoproteota,Thermotogota,Verrucomicrobiota
37,0.730240356614145,33.08189045624531,0.00399029135874,0.030542255720225,0.000466840235822,0.002303532842449,0.96315160730935,2.019776897164885,0.001833285013665,0.013596295919189,0.000497508572482,0.002589770651274,0.033070689698179,0.000480470607671,0.000126080939602,7.4967045168e-05,5.1113894433e-05,0.002504580827219,0.001945735581418,0.00327924029396,0.024206404539168,0.09512182167557201,0.001966181139191,0.000395280783616,0.277147486666201,0.002832845615911,0.230849656953074,0.000423677391634,0.000866664476721,0.737185031071114,0.000977979180152,0.000984794366077,0.005683865060954,0.491499850224931,0.003270153379394,0.008294081270002,0.000609959140234,0.009028985485515999,0.68710590903426,5.4521487395e-05,0.133449291450109,0.005377181694356,0.060805088817546996,1.55941790315721,22.86753173184641,0.00140733589339,0.057457696664344,0.038202524699256,0.023633928921518,0.373046239537155,0.044438419820087005,0.010566945775791,0.007993077225008,0.336769004861545
43,0.80580774710125,25.433006988644713,0.0044911817758560004,0.030109649306223,0.000365915876985,0.0018622504453719999,1.045476112314568,2.00771071875636,0.002117084716844,0.014547334180864,0.000457394846232,0.002391521624583,0.035108321554327,0.000561942239656,0.000124150029691,9.8013181335e-05,1.9602636267e-05,0.002358850564137,0.002191139120519,0.00370925439587,0.023703943388283,0.094752609502939,0.001764237264037,0.00047046327041,0.262692750544345,0.003055833186967,0.2106869565278,0.00039858693743,0.0011674458932390002,0.5986383747480409,0.001195760812291,0.001150021327668,0.006993785005952,0.504608884716286,0.003088504247412,0.007729972901315999,0.000581544875923,0.010759669239927,0.687085469585072,0.000176423726404,0.219475471787537,0.005900393516389,0.06640719746075299,1.784268980230783,20.080879606009628,0.001038939722155,0.056684289872285,0.03571382520791,0.021290641056737,0.354973249806935,0.048621072154429,0.010827189431513,0.008836432815056,0.335000341521485
49,0.720789277289076,26.69896165783138,0.004334337043261,0.029056909590647002,0.000405609298352,0.00172236991909,0.941730736443641,1.927853157206933,0.002028046491761,0.011776385908679,0.000558447584688,0.002180884778096,0.030986982821937,0.000646623519112,0.000111689516938,2.9391978141e-05,1.7635186885e-05,0.00333696925166,0.001522504467728,0.0036837945937289998,0.023539055560891,0.093952437861782,0.001904600183567,0.000370338924582,0.269640048004546,0.002792237923439,0.205600806029933,0.000497704163195,0.001063989608721,0.572477355587268,0.001093381586862,0.001099259982491,0.005457110608264,0.491935497618828,0.003203725617419,0.007453805656674001,0.000587839562829,0.009144824132413,0.747334152481233,0.000111689516938,0.15923594024438398,0.004979001097163,0.055272594627621,1.498352099556195,22.424760601848156,0.000922908113642,0.054477051752592,0.034553209503101,0.020846750363133,0.34483256595124,0.044628779609992994,0.008478605961207,0.007130493897118,0.323305881160434
63,0.655825161011031,32.70910674152472,0.003683044093043,0.030274740176642,0.000353195491075,0.001883709285734,0.91857513561039,2.126336928327097,0.001877822694215,0.011743750078242998,0.000476813912951,0.002295770691987,0.028954181479455998,0.000612205517863,6.4752506697e-05,7.6525689733e-05,4.1206140625e-05,0.003667346515661,0.001461836893616,0.003280793672652,0.022875294638622,0.089382005608039,0.001730657906267,0.000323762533485,0.264333467717679,0.002631306408508,0.213461543819846,0.000355157688248,0.0009124216852769999,0.620633154719759,0.000712277573668,0.000965401008938,0.004721046397369,0.643622256794392,0.002986464096756,0.007122775736679,0.000635751883935,0.007884108239662,0.730906673624879,4.1206140625e-05,0.10811510201522001,0.005303818957642,0.055408523760972,1.5044715137829239,24.37320260286237,0.001053699881707,0.054988613566027,0.033545722863432,0.021694051940693,0.341345782349402,0.039020252975093,0.008462956405591,0.007216961200965,0.318613728104381
98,0.658671072170846,31.855012843773153,0.0036907111532379997,0.031087143944579,0.000312009853777,0.002508727878343,0.910633083593807,1.954582918087336,0.002015415001425,0.012817702101116,0.000257197311897,0.002272612313323,0.028527819873733002,0.000480663828792,9.6976035633e-05,5.0596192504e-05,4.2163493754e-05,0.002500295179593,0.0015459947709680001,0.002862901225875,0.023291113949526,0.089388012207569,0.00190157356829,0.000299360805651,0.262696836932645,0.002688625451692,0.233457859464268,0.000376660544199,0.000945867709874,0.6777936220379249,0.000830620826947,0.000961327657584,0.005124269940862,1.08477955639479,0.003013284353595,0.00729006807001,0.000615587008804,0.007857869785892,0.774979069690338,0.000101192385009,0.138841574031245,0.005084917346692,0.052833668572929995,1.785122214892176,24.461772109998517,0.001243823065733,0.060524289833599,0.034619039271345,0.021670630339594,0.352596432864426,0.045528140555211004,0.009669494567507,0.007874735183393,0.30272826335217
144,0.896056757159693,22.703623087409554,0.003784488925293,0.030395381011998,0.000416216704615,0.002011714072304,0.818357191510728,2.662029550114253,0.002069521947945,0.012392081608225,0.000468243792691,0.002451053927175,0.030218103526699,0.000855556559486,8.0931025897e-05,4.0465512949e-05,6.9369450769e-05,0.00261291597897,0.0010174186112800001,0.0030098633917039997,0.025942247658458,0.08630137754433499,0.002081083523073,0.000364189616538,0.292033826162816,0.002794047322645,0.207934928680401,0.000431632138119,0.000982733885896,0.552988211451884,0.000612763481794,0.001138815150126,0.004603433830206,0.954294338009547,0.003449203246575,0.007728912973192,0.000739940808204,0.007430238949046,0.741626871243343,4.6246300513e-05,0.062168516393437,0.005532213698836,0.058343561955196,1.5512319503820349,27.22461325230515,0.001023199398844,0.058436054556221,0.03853472990224,0.01965853157629,0.361414838507051,0.034944860824938,0.007089172482764,0.0070005337401159995,0.39756210314532103
159,0.0,0.0,0.0,0.0,0.0,0.0,0.0,0.0,0.0,0.0,0.0,0.0,0.0,0.0,0.0,0.0,0.0,0.0,0.0,0.0,0.0,0.0,0.0,0.0,0.0,0.0,0.0,0.0,0.0,0.0,0.0,0.0,0.0,0.0,0.0,0.0,0.0,0.0,0.0,0.0,0.0,0.0,0.0,0.0,0.0,0.0,0.0,0.0,0.0,0.0,0.0,0.0,0.0,0.0
166,0.8947592984603719,23.24898322250276,0.004026787677692,0.030129462380570002,0.000436836378688,0.0018085842594299999,0.8947633810433481,2.463068580140647,0.002020878574307,0.013396315613113,0.000412340880818,0.002735330595526,0.031514818871239,0.000857342425463,8.9816825525e-05,3.6743246806e-05,3.2660663827e-05,0.003196662472085,0.001238383503447,0.003266066382718,0.025160958895861,0.100036891580654,0.002212759974291,0.000342936970185,0.297510069384722,0.002872777555799,0.208440356545035,0.000489909957408,0.000805629707737,0.545490242075533,0.000812434012701,0.001200279395649,0.005043350839313,0.689744229034212,0.003584507855033,0.007781403156825,0.000542983536127,0.007697029775271,0.695883072972728,4.0825829784e-05,0.135763575224606,0.006029975059092,0.073889308465014,1.5419153827249379,24.308212097969825,0.001073719323318,0.058776947139981,0.036766381442451,0.021053880419593,0.364774706536793,0.043793867609265,0.007567747980954,0.0075704697029409995,0.367295021095455
1501,0.844460718229677,28.21517997448081,0.003750541363813,0.027019575323549,0.000443190981094,0.001827032207774,0.75248803748652,1.421281317384689,0.001977777439438,0.009774320821128,0.000397967411594,0.002725473788494,0.026659796703976002,0.000473340027427,0.000102506757532,3.0149046333e-05,3.0149046333e-05,0.001900394887184,0.0009215558495759999,0.002782756976527,0.023674036148807,0.090215996310158,0.001956673107005,0.000434146267194,0.286900334840333,0.002742558248083,0.221643729020975,0.000433141298983,0.000750711253689,0.624350570698834,0.000645189591524,0.001142648856017,0.004719330719311,0.294271776668728,0.003022944378979,0.008297017550815,0.000575846784958,0.007272954943707,0.656619094988942,2.71341417e-05,0.042044855047657,0.00584590008395,0.056189782618844,1.460510251504852,23.908083195489358,0.001127574332851,0.057481166770103,0.034877421766115,0.022070106883897,0.381914049390269,0.039621876690701996,0.0071071351888760004,0.006933275688357,0.314208336040467
1502,0.88155656564882,19.783196740414443,0.0042454187171829996,0.027236590400193002,0.000594487856896,0.001899776412255,0.8964252238957581,1.705424115822087,0.002494264269152,0.013813226906795999,0.000600949681428,0.003728472754665,0.034413523513158004,0.000562178734239,9.0465543441e-05,4.523277172e-05,4.523277172e-05,0.002147479685963,0.001191129655303,0.003788783116958,0.027551065860725,0.093735226653665,0.002339180480396,0.000510484137987,0.31555889311185803,0.003541079843252,0.194994171003485,0.000590179973875,0.001188975713792,0.509381319933635,0.000788342592841,0.001576685185681,0.005216846338416,0.317786068633709,0.004279881781351,0.008380986417331,0.00074310982112,0.010319533776776,0.598836664805948,7.7541894378e-05,0.099240701154486,0.006487671829607,0.07373587972873,1.322976723043357,21.21339882579168,0.00100158280238,0.055690157753815,0.040959351763548,0.021991742822141,0.390442823665683,0.03529448559095,0.007394481205526,0.008525300498535001,0.352955625617049
1503,0.79401336934395,23.189030658469896,0.003743932267314,0.028806066422711,0.000425507670124,0.001726116020313,0.775515828363483,1.110165568245824,0.002255993496316,0.010851783662587,0.000481706796366,0.002938411457835,0.026718670305123,0.00057804815564,5.6199126243e-05,3.2113786424e-05,3.2113786424e-05,0.001573575534797,0.001110601780511,0.003200674046968,0.025072838750871,0.086198755060899,0.002280078836134,0.000369308543881,0.31293279181282496,0.002850098545168,0.208413121596792,0.000377336990487,0.00084566304251,0.567640612689297,0.000481706796366,0.001035669612188,0.003433498998545,0.337451667747875,0.003173912558281,0.008076617285743,0.00061819038867,0.0066234684500379995,0.616226095400586,2.4085339818e-05,0.032496475712651,0.006535155537371,0.070615540198446,1.444633330005097,20.519135949673835,0.001115954078249,0.056908305692953,0.034557110341552,0.022278939331946,0.385384170135201,0.035108397008504,0.006757275893472,0.006840236508403,0.33169527153129597
1601,0.739668545628313,22.405545790093324,0.00346654777915,0.030225050368707,0.000500852388158,0.00159298884567,0.795497355580546,2.322236879110858,0.002685125303181,0.012314939969943,0.000466070972314,0.002949464063598,0.031447037445371,0.000431289556469,0.000118256813871,4.1737699013e-05,2.7825132675e-05,0.002689762825294,0.000994748493147,0.004090294503291,0.026371269493158,0.080915485820208,0.001857327606086,0.000278251326754,0.26737401863945404,0.003283365655703,0.18369456964015202,0.000442883361751,0.0011245991123,0.538272554084463,0.000626065485198,0.00122430583772,0.005040986536369,0.391991194087512,0.003835230787099,0.008577097147208,0.00061215291886,0.008326670953128,0.5552134223617,2.0868849507e-05,0.01921789163451,0.005398075739037,0.050806373504315,1.185204570027613,26.73009544785698,0.001266043536733,0.048049366608389,0.040705850343127,0.018928046502475,0.36203743876239,0.028896400283454998,0.006531949895562,0.006838026354992,0.417789729599767
1602,0.692631227225823,15.913626444093374,0.003534640093671,0.032344878047248005,0.000547723155011,0.0017235021944349998,0.771084657624462,2.0008107763289242,0.00251222353765,0.017665897492954,0.000423572573208,0.003249824053065,0.032162303662245,0.000671873736813,0.000131453557203,3.6514877001e-05,5.8423803201e-05,0.002668020346187,0.0008325391956159999,0.004742065359829,0.026517103677932,0.074658317515696,0.001906076579438,0.000284816040606,0.272140509636192,0.003030734791061,0.167625194359561,0.000296987666273,0.001472766705697,0.422343239016136,0.000613449933612,0.001380262350628,0.004766408611162,0.437803637938246,0.00396551564228,0.008266968152966,0.000788721343216,0.008931538914378999,0.548098041081525,3.6514877001e-05,0.009810330287529999,0.006141802311523,0.059519249511193,1.137134127931138,24.21461915944843,0.001044325482221,0.044346100954823,0.042206329162579,0.018004268686494,0.350983432056172,0.022244863068846002,0.005068264927703,0.007402782730616,0.429775233648352
1603,0.943083756720469,17.9274297787072,0.0033229590774310003,0.026427795100254,0.000310298239146,0.0016301583549520001,0.771957919829365,2.23859638674745,0.002202680458166,0.012021507368243001,0.000472002955321,0.002718387390831,0.030237325125455003,0.000397706193835,0.000113630341096,3.4963181876e-05,3.4963181876e-05,0.001590824775342,0.0008711659484020001,0.004422842507269,0.025780976235554,0.076583936300113,0.001922975003161,0.000301557443677,0.24302470681988197,0.002868437713048,0.166397066542424,0.000305927841412,0.00112173541851,0.46914617200213,0.000799782785405,0.001289267331664,0.004840943890532,0.299966618902104,0.004150421048488,0.007984716660849999,0.000773560398999,0.008028420638195,0.558734955160739,4.370397734e-06,0.020232027912040998,0.006184112794255,0.055815806265979,1.175653015360288,26.145039107629977,0.001118821820021,0.044589711285407,0.043865682060732,0.018422683249976,0.361745104477127,0.024478597710686,0.006023864877325,0.006325422321002,0.38523599229982697
1604,0.715562206537318,22.606663244991868,0.0037974118739379998,0.022883281450549,0.000354554271903,0.001586775675896,0.714678727040115,1.5737211038510581,0.002057577250062,0.010923371502683,0.000406865557922,0.002540003554455,0.028267469000381,0.000337117176564,0.000168558588282,7.5560746471e-05,3.4874190679e-05,0.001954892133063,0.0007129834538820001,0.004351524014726,0.022371793320589,0.077864380511054,0.001546089120103,0.000278993525432,0.257416088677008,0.002830621810113,0.167655734234332,0.000356491726941,0.001007476619616,0.47725911180745,0.000738170369373,0.001098537006389,0.005014133637627,0.227685841123146,0.003214237907583,0.007585136472686,0.000639360162449,0.008369805762964,0.466670920026293,3.4874190679e-05,0.030782285639344,0.005109068934476,0.05154017891351,1.1895935182519208,25.908057567446463,0.001011351529691,0.042945628366171,0.042368266764929,0.018376761032804,0.337593790503103,0.02800397511525,0.006403288899675,0.006368414708996,0.297244351887481
1606,0.888540657075308,24.877116677134406,0.004001560722903,0.025894019482841,0.000354086724291,0.001359236135182,0.707617570499046,1.558297599764125,0.001930343755007,0.010561683582620001,0.000479730400653,0.002021720974179,0.024458635665016,0.000468308248256,0.000102799371568,2.2844304793e-05,6.8532914379e-05,0.0033238463473790002,0.000883313118662,0.002528103063757,0.022878571250168,0.08282964179520799,0.00172474501187,0.00045688609586,0.249280861285116,0.002783197800611,0.19319047825009,0.000323627651234,0.0008185875884150001,0.539041830663392,0.000593951924617,0.001085104477666,0.00359036323663,0.287754477940625,0.002573791673342,0.007230222466978,0.00045688609586,0.006506819481867,0.568236852188819,4.5688609586e-05,0.035199266301848,0.006179384446501,0.058272014142757005,1.2372665845083939,22.53696893844646,0.000788128515358,0.052758921919385,0.031597480912821996,0.020106795601954,0.348619320677384,0.035694226239029,0.006609618853434,0.006674344383681001,0.308200130730342
1607,0.743165988404886,29.252605448880658,0.003834991284302,0.027271884315376,0.000419428682211,0.0017273245729760001,0.781993959745911,1.16155286388911,0.002133223297697,0.010610493329911,0.000432958639702,0.002692461540645,0.026693102800496,0.000324718979776,0.000117259631586,4.5099858302e-05,4.9609844132e-05,0.001422148865131,0.001029780097901,0.003063783707333,0.024866558539255,0.091957107749695,0.001849094190393,0.000441978611362,0.277564071264031,0.002530102050757,0.218713266165413,0.000336745608657,0.000977163596549,0.673495727299558,0.000577278186269,0.001208676202501,0.003644068550822,0.268422329986162,0.00300365056293,0.008478773360825,0.000563748228778,0.006755958773678,0.605805349973698,1.8039943321e-05,0.049575267574452,0.005551792557008,0.058480986260538,1.311054384175264,23.275940656764554,0.001312405876596,0.054288202767039,0.038195069996182995,0.023516569447408,0.386248716458032,0.037387782532573,0.008017251477531,0.007023551266271,0.315826791047665
1701,0.638860987501665,15.816960372792217,0.00398697413963,0.029636216963514,0.000593247793205,0.001683776824833,0.7816272321675239,2.378914926521608,0.002721960462943,0.014857367526895,0.000401314683639,0.003376277881919,0.032398890510304,0.000671765883483,8.724232253e-05,8.724232253e-05,7.8518090277e-05,0.004295230345905,0.000814261676948,0.004021871068643,0.027798312035544,0.074734681556798,0.002189782295508,0.000410038915892,0.285052656557801,0.002942974346686,0.170773938275476,0.000372233909462,0.001518016412026,0.425890845895742,0.000584523560952,0.001439498321749,0.004289414191069,0.618987186429282,0.003280311327136,0.007808187866454,0.000820077831784,0.008648622240161,0.530948050686626,0.0,0.030171303208365,0.00681362538961,0.074019294512051,1.1251002559689731,25.61268538266515,0.001090529031628,0.049457672642378,0.041562242453393,0.018733834724654,0.363474780280212,0.025335170462774,0.005513714783909,0.007118973518464,0.40742455429351504
1702,0.827809344724171,14.631873721262057,0.004287343548107,0.042584259816539,0.000829808428666,0.001999083941786,0.97165537854792,1.866503186024318,0.003281515149724,0.016973354222713,0.000829808428666,0.003583263669239,0.037341379289969,0.000905245558545,0.000113155694818,3.7718564939e-05,7.5437129879e-05,0.006965361658802001,0.0017601996971700002,0.006424728894672,0.037102495045352,0.098860358706068,0.002527143850937,0.00060349703903,0.376909046584063,0.00475253918236,0.20403229061198702,0.001118984093201,0.001885928246969,0.48274733980391005,0.000641215603969,0.001546461162514,0.005808659000662,0.595764733217219,0.005066860556854,0.009090174150386,0.000678934168909,0.011479016596546,0.649727426790466,3.7718564939e-05,0.034261029819921004,0.008034054332084,0.073174015982362,1.360571501637678,19.861477312974692,0.001395586902756,0.056540128844103,0.045010820827639,0.022077933344506,0.422070741671459,0.035191421088425004,0.006688758849247,0.008461531401397,0.424132689888143
1703,0.835927192039823,15.230698134178626,0.004395902860124,0.036160891340769996,0.000486033485763,0.0016633145957219999,0.8598040370589419,1.646526639099326,0.00318621951778,0.014163375799939,0.000496834229891,0.003596647794646,0.031865795425842,0.000788454321349,8.6405953025e-05,7.5605208896e-05,4.3202976512e-05,0.002145747833442,0.0011340781334470001,0.003938671358702,0.033615515974589,0.091860328809214,0.002527374125968,0.000486033485763,0.358401092401661,0.003639850771159,0.203518421605175,0.000504034725976,0.001188081854087,0.5009349124117259,0.000421229020995,0.001749720548747,0.003330229439487,0.53865471115498,0.003567845810305,0.009828677156541,0.000745251344837,0.007358906999255999,0.706516276145361,0.0,0.018588080644404,0.008521787117045,0.09403847887504001,1.3189220684548282,23.36082146715578,0.00128528855124,0.061470635080875,0.04424704844465,0.022249532903819,0.43849581060736803,0.032596645778507,0.006545250941608001,0.007949347678257,0.467348198421479
1705,0.737342783013955,19.517630439781247,0.004192275485881,0.029480192331692,0.000618077059487,0.001576443735994,0.903299945829133,1.672312812179554,0.002305635772467,0.012942579923557001,0.000625021745548,0.003597347379933,0.035022051808886005,0.000520851454624,4.8612802432e-05,1.3889372123e-05,6.2502174555e-05,0.002219984644374,0.0014537542822380001,0.004189960590527,0.026959271291314,0.092237005375443,0.002298691086405,0.000562519570993,0.345808327544358,0.004083475404248,0.189011205644493,0.000604187687363,0.001405141479807,0.483604788379559,0.000937532618322,0.001541720305686,0.005064991034295,0.313668320451056,0.004071900927479,0.008410014820654,0.000847251699521,0.010437863150655,0.567063710573079,6.9446860616e-05,0.18680974016295002,0.006333553688222,0.07631052534073099,1.336777990215725,20.870392782415532,0.001069481653494,0.053809742500995,0.04024214083189,0.020896560359496,0.387478758809595,0.035306783937414,0.008111393320003,0.008604466030381,0.36051485772757297
1706,0.995223314455827,26.380037338814592,0.003683566670455,0.026677208397811,0.000466585111591,0.0018254119278040002,0.767821736765122,1.360111971695364,0.002259254224546,0.010251229615482998,0.000532070741288,0.002709467928713,0.026909136669656,0.000360170963333,9.0042740833e-05,3.2742814848e-05,4.0928518561e-05,0.00172172634745,0.000889513136718,0.003238810102097,0.024865439309528,0.090506597377049,0.002038240224319,0.00049932792644,0.265980799285945,0.002523925311238,0.21289651071282098,0.000311056741061,0.000881327433005,0.636509406383136,0.000794013260076,0.001145998519697,0.004406637165027,0.239688318962603,0.002507553903814,0.008734145860837,0.000687599111818,0.007099733686315,0.649961246150059,3.2742814848e-05,0.07160307893785199,0.00663042000682,0.063722974830981,1.505618312314173,24.549591203228044,0.001178741334546,0.055354457069286,0.038142650730594,0.022401542492179,0.388605369461463,0.036631024111754,0.007847361292023,0.0069987766738669995,0.364192872424006
1708,0.819513630104595,31.77432372341061,0.003852806475959,0.028874827481394,0.000367832197215,0.001626950103067,0.789290084566744,1.288209660013879,0.001916971643179,0.009042541514873001,0.000587116776324,0.002320172320896,0.027271456365328,0.000353684805015,0.000134400225906,7.0736961e-06,2.1221088301e-05,0.002131540424888,0.001025685934542,0.002676215024611,0.023864292743687,0.097268037176422,0.001846234682176,0.000353684805015,0.288415811097228,0.002525309507804,0.23108114630565701,0.000320674223213,0.0009431594800389999,0.718626218423521,0.000785180267132,0.000898359404737,0.005128429672712,0.266124236786507,0.002268298549494,0.007929613328427999,0.000516379815321,0.007429738804007,0.685306751892443,3.5368480501e-05,0.049070229847729,0.005623588399733,0.054682028753961,1.5343153368365592,22.96063985636811,0.001145938768247,0.057888770986094,0.034012688748907,0.023251239081662,0.381842831291191,0.044526559052641995,0.007955550214129,0.006946369570488,0.314013159385487
1801,0.978666163734752,27.387187688185122,0.003595217970163,0.027498348292395003,0.000335345710883,0.001731319716651,0.7877556702345451,1.261139034201753,0.00198867805291,0.009467667279344,0.000452326772819,0.002448803563191,0.027412562180309002,0.00038993687312,9.3584849549e-05,2.3396212387e-05,7.0188637162e-05,0.0016923260293389998,0.001115219457122,0.003218278992814,0.024326861724355,0.089862252199991,0.001902891940824,0.000444528035356,0.251821232660644,0.002454002721499,0.21173052294564002,0.000301551181879,0.0007460792172349999,0.648366235990056,0.00088125733325,0.001021634607573,0.005284944420348,0.249354232043374,0.00249819556712,0.008828170807428,0.000655093946841,0.008898359444588999,0.606208860847517,5.4591162237e-05,0.034904549302513,0.006059619008279,0.059460173992432,1.350504766783306,22.938005366311224,0.001068427032348,0.054648352978136,0.036152347296495996,0.02278791086511,0.388785259554331,0.035710418840294,0.008048297061189,0.007637563554836999,0.36137789653233
1804,0.967342663666552,13.925905599231013,0.004251737431476,0.027458589108540002,0.000592347320175,0.002566838387424,0.8629842291255599,1.641644526405813,0.002580001661205,0.020705829658549002,0.000750306605555,0.004159594515004,0.03668165627155599,0.000697653510428,7.897964269e-05,6.5816368908e-05,9.2142916472e-05,0.001961327793467,0.00094775571228,0.005357452429136,0.035273185976919,0.104275067140374,0.002988063148437,0.000368571665886,0.280053037462719,0.00325132862407,0.20169206864050498,0.000561633014684,0.0016541847385620001,0.542945553672086,0.000566020772611,0.001487449937327,0.005006431794958,0.245955770610297,0.00650265724814,0.010925517238777,0.000763469879336,0.008472760557462,0.733799860232359,1.3163273782e-05,0.027094405200581997,0.008635107600768,0.14610356346056,1.192403931027429,23.208154841169062,0.001079388450096,0.063719020619084,0.042706047905629,0.0248083833205,0.648506233885134,0.02769552803661,0.007415310897000999,0.007630311035435,0.5445295342838119
1805,0.867787708411347,18.68316853888293,0.004417474441512,0.027638438551910997,0.000538252270412,0.001598446136374,0.8265217010130971,1.0877860909360901,0.002259028468244,0.012850093344633001,0.000782912393326,0.003580193131983,0.029413583665947,0.000448543558677,0.000114174724027,4.0776687152e-05,4.0776687152e-05,0.002030679020191,0.001060193865963,0.0034469892872849997,0.033496689272809,0.124901711193677,0.002780970063795,0.00049747558326,0.276305550590617,0.003210484501801,0.219479159375002,0.000595339632425,0.001163494806749,0.609788171906357,0.000750291043605,0.001296698651447,0.004357668633689,0.257651575441289,0.00387650372529,0.010911841481988,0.000603494969856,0.00623067779689,0.782143073162212,0.0,0.027355720187654,0.008033007369027,0.081352209314891,1.240266434873855,24.811915491675066,0.001264077301725,0.070429494049662,0.037824455002586,0.024680769510455,0.597199049359499,0.032295136224717004,0.0074865997611850005,0.0074431046282219995,0.412246870219358
1809,0.901434878438856,25.637104345892993,0.004428278595307,0.031571986281357,0.000355355689747,0.0018792848977,0.831536869849863,1.364937149765362,0.002494323591492,0.012653851644512002,0.000498864718298,0.002931684440412,0.027902255408394,0.00053303353462,6.8337632644e-05,6.8337632644e-05,4.1002579586e-05,0.0022186951398299997,0.001027342410743,0.002644666383308,0.02816193841244,0.100547436829662,0.001961290056872,0.000451028375448,0.3050136336994,0.002330313273148,0.241140726388487,0.00044875045436,0.0010045631998610001,0.68594126558152,0.000492030955034,0.001489760391631,0.003756291874312,0.467345124202167,0.003296151814511,0.01013447092105,0.000785882775402,0.0067358126575739995,0.744410944071411,2.0501289793e-05,0.04487960127816,0.007476137011213,0.073592796593925,1.632105402506721,22.86396093529342,0.001400921469194,0.065740802603172,0.035020758808773,0.025177861787001,0.432914346955219,0.041282763880017004,0.007662926540439,0.007255178665665,0.363517481005611
1810,1.1768648662449601,19.67492874162632,0.0046340750582830005,0.032195135726659,0.00043520009243,0.001726293699972,0.823915979431993,1.216337514628365,0.002620871667745,0.011316814255376,0.000449706762178,0.003317191815634,0.028508829758556998,0.00062378679915,4.8355565826e-05,3.3848896078e-05,1.934222633e-05,0.00196001226813,0.000997736508201,0.0028771561666209996,0.030694501333872,0.09869370984997,0.00213731600949,0.000430364535847,0.315479770706933,0.0027997872613,0.225580326428438,0.000393291935381,0.0010090194735600001,0.580066920234657,0.000343324517361,0.001745635926303,0.00330429699808,0.473135033820205,0.003030282125069,0.010909015650247,0.000764017940044,0.006075070919886,0.687051997771518,3.868445266e-05,0.032947870701344,0.008254295086423,0.08035244373233501,1.69935481425112,21.318840675954046,0.001199218032474,0.066608180072517,0.036962994517059,0.024561403734997,0.444506926999279,0.039080968300219,0.007003497783736,0.007235604499698,0.386056330881534
1811,1.135976058690556,21.12214937049434,0.0036235786819870004,0.03280250548661,0.000523317708996,0.0016532082170559999,0.770081831428027,1.223592129666391,0.002152738757461,0.010018362504793,0.000606572799063,0.003342097186997,0.026300679405145,0.00048763695611,7.1361505772e-05,2.3787168591e-05,7.1361505772e-05,0.002422326668156,0.000995096552712,0.002842566646591,0.029020345680684,0.096112054690824,0.002247887431823,0.000404381866042,0.290072627379595,0.002572978735897,0.22732604116536098,0.00043609809083,0.000852373541167,0.6020413434469509,0.000297339607384,0.001569953126988,0.004971518235461,0.447916349091447,0.002791027781312,0.009824100627969,0.000654147136245,0.00584767894522,0.693451467813007,1.1893584295e-05,0.012519979734918,0.007481064521783,0.059721651275112995,1.978129046420382,23.05053548286344,0.001106103339469,0.063583101643007,0.034475536344157,0.023910068961777,0.420493708234439,0.040604696784367005,0.0066683362616,0.006636620036812001,0.394319893728447
1812,0.877248892645772,25.335397385903573,0.004404521788156,0.032573802728028,0.000554166458148,0.0017438449095859999,0.805841070381156,1.1052180601798,0.002369188710982,0.00996991215072,0.000457568635168,0.003106382623197,0.027410055945222,0.000416895867598,0.000122018302712,3.0504575678e-05,7.1177343248e-05,0.0019811027204130003,0.000932084256824,0.002609835919107,0.027732048688489,0.120462569351941,0.001942124651492,0.000371139004081,0.304100114932768,0.002684402659653,0.239401604618637,0.000476210320305,0.0008812432973610001,0.634208770028225,0.00057958693788,0.001082912436565,0.0060670211626,0.595649291672737,0.003147055390768,0.008927672481726,0.000589755129772,0.006734732430216,0.676710117440752,3.0504575678e-05,0.018797597412168,0.006624577018046,0.061036266534137,1.6868183000542252,20.667668561209826,0.001352369521719,0.067718463306241,0.032975446307786,0.024239274773372,0.412723519524393,0.05151714422399,0.007180438174843,0.007146544201867,0.30529996157609696
1813,0.702959542518258,27.301430429521922,0.004446373648241,0.027073826733591,0.000501074135923,0.002268019773124,0.91815066511614,1.672402617604255,0.002151981552173,0.011737441864632,0.000495799671334,0.002864034271642,0.036465890011132,0.000569642175575,0.000168782866837,3.6921252121e-05,4.7470181298e-05,0.002224065901552,0.0014891571688650002,0.003985737074164,0.026149037275714,0.09230840476614,0.002368234600308,0.000574916640164,0.321077757370093,0.00333170346517,0.21887445703562602,0.000581949259615,0.0010795070858129999,0.643071513423752,0.001413556509761,0.001403007580584,0.010418825717467,0.326455953095663,0.003472355854201,0.008665945319168,0.000780620759122,0.012996280746458,0.559258512955078,3.6921252121e-05,0.063697950682384,0.006055085347782,0.055759881476451,1.447912613936565,18.8757862007031,0.001308067217988,0.05533264984477,0.041038850809502,0.02323577466791,0.387817315965271,0.041082804681073996,0.009523924892258,0.009165261300228999,0.296113716471965
1815,1.1554489426417138,21.254661598833483,0.004286908653821,0.028862054461197002,0.000497193013974,0.0017567486493750002,0.811639973478617,2.4015914153991282,0.00236995336661,0.011587359409008,0.000704356769797,0.002867146380584,0.030980649137409,0.000596631616769,0.000124298253494,3.3146200932e-05,7.4578952096e-05,0.0038698189587650002,0.0010689649800439999,0.003549405683093,0.028066545638838,0.089389779545722,0.002336807165678,0.000497193013974,0.321040291306492,0.003259376424941,0.20287408498531198,0.00048614428033,0.001010959128414,0.541887903746968,0.000704356769797,0.001259555635401,0.004861442803302,0.348162170218779,0.003635033368833,0.009040626304094999,0.000621491267468,0.00822578219786,0.605338018880297,4.1432751165e-05,0.041032234569918,0.007035281147734,0.069294895230936,1.479994444696723,22.7789283192412,0.001209836334004,0.061430959059912,0.037308811331934005,0.022315679777205,0.40189216192891497,0.033419657089293,0.0067535384398159995,0.007308737305419,0.368815015582582
1816,1.379931782305068,13.602342928226319,0.004326584702428,0.025948614589631998,0.000653617495961,0.001655830989767,0.886762856769622,2.726765100856348,0.002984853231553,0.013137711668806,0.000544681246634,0.004068768912354,0.035416990260282,0.000746213307888,0.000272340623317,6.5361749596e-05,2.7234062332e-05,0.0017447955933839999,0.001127490180532,0.004918471657102,0.034020790664744,0.098002681102656,0.002538214609313,0.000512000371836,0.30322405000101504,0.003760116205928,0.190135513970757,0.000537418830012,0.001410724428781,0.501952818439493,0.00071353243309,0.001585022427704,0.006220259836558,0.279314358877946,0.005118188114202,0.011002561182002001,0.001051234806003,0.009257765588618,0.629330159173108,0.000130723499192,0.05313002440081199,0.008802048945602,0.098943164055177,1.16340464633075,23.773361038242317,0.001241873242325,0.062927024423598,0.043890414853747,0.02203054082218,0.529867732329473,0.028312531200023,0.0075855941614540005,0.007990473888117,0.5011630306318751
1817,0.902609710982406,29.94981747983171,0.004537370047196,0.031667474576114005,0.000371509556266,0.002466823453607,0.832334963319129,1.242114957341292,0.00208045351509,0.010521150633454001,0.00046067184977,0.00279375186312,0.030097227518298,0.000430951085269,8.9162293504e-05,7.4301911253e-05,5.9441529003e-05,0.002669915344365,0.0011343425117989999,0.002892821078125,0.02831398164822,0.102749636341678,0.00208045351509,0.000371509556266,0.301175367073733,0.002972076450128,0.256222710765544,0.000411137242268,0.00092629716029,0.810470387567686,0.000728158730281,0.00138201554931,0.004477928518193,0.385948894352886,0.002927495303376,0.0092728785244,0.000579554907775,0.007549074183325,0.747967619821491,5.9441529003e-05,0.026263248897632,0.006687172012788,0.065266798844814,1.536192015159966,25.911325325172385,0.00161978166532,0.068615338311958,0.037061793333097004,0.025644066303855,0.447619480693043,0.04257499514808501,0.009228297377649,0.006915031207298,0.32781507898838
1818,0.9396869942544139,15.866220008594274,0.003903331134361,0.031778117601749,0.000639621488404,0.002038793494287,0.833083412853798,1.761449926791016,0.002247900519342,0.021840408739451,0.000384387913704,0.003444115706789,0.036493276009854,0.000473565909684,0.000175280888649,5.8426962883e-05,5.8426962883e-05,0.00269071539593,0.000953282025986,0.010300571052835,0.029367236606997,0.076434767864244,0.002324778102083,0.000270609091248,0.26939852557816496,0.003358012814119,0.159173497513236,0.000404888602435,0.002214074382936,0.416652922663265,0.00117776456759,0.001522176138268,0.005714566983735,0.25773978389691,0.003987383958158,0.008653340713307,0.000805677067124,0.010401024427616,0.582158057891034,4.6126549644e-05,0.020780523132065,0.006534594532971,0.111953236124945,0.9746857700557869,27.815956665972042,0.001107037191468,0.043340506045971,0.049331832327573,0.01810620828712,0.646823380354876,0.020695445273831,0.0060036266948410005,0.007886614954773,0.400444053118186
1819,0.44977428089109794,14.767432688830546,0.004211840315094,0.019777821585428998,0.000575692459294,0.002900747165863,0.947893109831608,5.5001843268210795,0.004430974864116,0.012800181369123,0.000605405618484,0.004713249876415,0.043049415472209,0.000649975357268,0.000226562838819,4.8283883683e-05,2.5999014291e-05,0.002508285854903,0.001563655002341,0.00483953080297,0.034281557414744,0.112263743707263,0.003472725480258,0.000564550024598,0.316016780655218,0.003741381961262,0.20415664069361,0.000562073927999,0.001235572202959,0.554067469645812,0.001459658945178,0.001782789551363,0.008769096105765,0.344103144378977,0.019233080333624,0.010596455395911999,0.001028818136932,0.013056457367131999,0.51706344402034,8.5425332669e-05,0.040973208473852,0.006146909807302,0.188367810729355,1.261286466140066,28.736613927748692,0.001192240512474,0.189649190719397,0.042306586492474,0.022762756035662,0.734813855043092,0.025843020204961,0.007377529817062,0.008641577130909999,0.384132960048566
2501,0.576710421177336,39.93182386992552,0.004053799240312,0.027354069202165,0.000422018652256,0.002808919846739,0.857888289454334,0.740721390516065,0.001370426161091,0.008685416133534,0.00036302679764,0.001973958212167,0.02792432379679,0.000235967418466,9.529453438e-05,5.8991854616e-05,2.2689174852e-05,0.0012721064033970001,0.001678998939085,0.003339846538287,0.025222799377687,0.10775845443277,0.002359674184659,0.000403867312374,0.261707531030244,0.002284043601818,0.287222264457701,0.000608069886047,0.000673112187291,1.102004146915613,0.000753280605103,0.001157147917477,0.004955315787784,0.169134185020419,0.001815133988199,0.008154489441985,0.000576305041253,0.006301540162366,0.655497824546789,6.3529689587e-05,0.077106891818711,0.005749436907622,0.054971332832618,1.104383485051813,23.87906778711659,0.002314295834954,0.062960947604009,0.041189928027213996,0.030728705808559,0.44277773463473,0.050388119512415,0.014312331496952,0.008225582189857,0.230239158121496
2504,0.625703081180955,38.27159395349465,0.003906924916608,0.026365274768366,0.000254424470287,0.002677925356748,0.820501667558351,0.651693187662627,0.001513609984249,0.008302574804388,0.000336357774277,0.001686101150545,0.025958483101184,0.000168178887139,0.000237175353657,3.8810512417e-05,3.8810512417e-05,0.0009415142827,0.001464737487131,0.0034081379607349997,0.022209675087015,0.09662236422717299,0.001845655479369,0.000452789311527,0.244123872806163,0.002138890462072,0.267400118271443,0.000402479388024,0.000615218493123,1.037862098487282,0.000961638252101,0.000922827739684,0.00609037559664,0.131914056851364,0.001502110573162,0.008115709374234,0.000366543728379,0.007238879278895,0.675988568435439,8.1933303991e-05,0.075058093587382,0.00549815592569,0.048495891404161,1.179659899167415,23.68619803308319,0.001953462458304,0.058938794097007,0.043119916721265,0.027076800829338,0.404481722979763,0.049000428065577,0.012141940680861999,0.007131072299961,0.21390629532385103
2505,0.621980048818199,37.9336310700849,0.0038829002273880002,0.025948994959754,0.000362701381579,0.002619901241696,0.864170668442566,0.591737326823442,0.001806464162621,0.007808056926416,0.000366222754216,0.001736036709887,0.030036134800069,0.000246496084568,0.000193675495018,4.225647164e-05,7.394882537e-05,0.001131534407256,0.001646828603091,0.0033793439403420004,0.022172909702345,0.098577305591443,0.001859284752171,0.000485949423863,0.249022082539543,0.002436789864588,0.270201965158342,0.00040378406234,0.000508251450562,1.050366767980079,0.001306429248212,0.000834565314895,0.006647177747188,0.136366329146621,0.00161631004024,0.008056900592742,0.000366222754216,0.009382110495016,0.628830292387434,0.000154940396014,0.097918808908383,0.005803222105262,0.051110376239767996,1.2248859958543339,23.658509911683733,0.002225507506387,0.060918572823823,0.041971240456684,0.02776015428589,0.407298392231638,0.050176038700167,0.013439905563359,0.007614381431399001,0.193283448864288
2508,0.592898499786496,40.092824353860095,0.003554463683863,0.026147639785402,0.000519212234449,0.003006406325278,0.891387844346461,0.968259169681192,0.001803285502442,0.01020838248054,0.000413136616658,0.002383909936664,0.030834507213575,0.000259606117225,0.000122824399547,5.0246345269e-05,6.1412199774e-05,0.001371539128276,0.001836783065954,0.00413415763021,0.024308065255822,0.103476765154808,0.001979147710884,0.000471757352806,0.262910279669949,0.002445322136438,0.27654844045905297,0.000452217107423,0.000838369575696,1.01876977350706,0.001057964714281,0.001071922032411,0.00532052967129,0.173883991219433,0.002434156281933,0.008684243340706,0.000661576879379,0.008912212870167,0.727825755128363,6.1412199774e-05,0.126400264452099,0.005474060170724,0.062600432790382,1.239167923127706,24.14642927650571,0.00196798185638,0.060009024057513,0.043276060594971,0.02846269361929,0.436108501325241,0.045525980277584005,0.013904280321457001,0.009226717772038,0.26142987346025603
2509,0.55507037246815,39.3637084598162,0.00395482965517,0.028595137898032003,0.000442768972264,0.002905940050972,0.887392845609986,0.8620446801752181,0.001831258079459,0.010377129116935,0.000440619608321,0.0023428066979,0.031924502645781,0.000352495686656,0.000208488302474,7.5227738006e-05,7.7377101949e-05,0.001980997100824,0.0019394427312579999,0.003484835406295,0.025248578238739,0.103681017883739,0.002166558854571,0.000434171516491,0.300477496961947,0.002511173540103,0.279097773820655,0.000573163718141,0.000797414022863,0.977551498473492,0.001394937199025,0.001227286811468,0.005316809940401,0.23885809853395,0.002193784131183,0.008578111496621,0.000541639713643,0.010359217750743,0.749873674716522,8.8123921664e-05,0.124516235492796,0.005427143956143,0.061381535484967005,1.357094780988984,22.677641634199794,0.002048343837705,0.061461778405507,0.039693020390529,0.027314833442636,0.429831950690496,0.047745970630404,0.013847635430276,0.008928457819335,0.2655675277993
2510,0.583730235300218,36.80982657820085,0.0042941843074980005,0.026686120940803998,0.000527543456781,0.0029991282708700003,0.908954461428699,0.876263283201776,0.001658410093416,0.009581277294241,0.00051879964258,0.002011077266181,0.034574012884826,0.00030020428756,0.000241912192888,4.6633675738e-05,5.5377489938e-05,0.001592345719454,0.0021140599667689997,0.003497525680315,0.024580804788237,0.100665589823848,0.002057710941919,0.000370154801167,0.255199875868926,0.002430780347819,0.26888588816298303,0.000500340479267,0.000853007652032,0.978783533171101,0.001553484323007,0.001087147565631,0.006623925024552,0.156804763132551,0.001962500520621,0.008583510940441,0.000431361500572,0.012017886851526,0.633084208789109,7.8694327807e-05,0.14041496918063,0.005085985260125,0.058449483327533,1.222967174681948,22.027694593609304,0.001958614380976,0.057981203500335,0.043210958245381,0.027802414553772,0.412381594547025,0.050637371106584006,0.014959694562636,0.008775874852857,0.258521553730316
2511,0.555518045548894,35.80365130819017,0.003921360856335,0.029558685134548,0.000585608346771,0.0030360262517,0.950399429886049,0.903262111221644,0.001914648566394,0.011334913331418,0.000521232961133,0.00256255567346,0.03488384472286,0.000342643181622,0.000149517024708,6.8528636324e-05,5.3992258922e-05,0.001987330453404,0.001932645986035,0.004218318280407,0.025566026808098,0.10198653164485699,0.002477414034391,0.000392482189857,0.290575954392435,0.002606164805667,0.265011312001232,0.000561381051101,0.0009240982777060001,0.91757975075429,0.001619767767665,0.001096458181189,0.006809254500224,0.223973041969692,0.002309899590042,0.008593075669999,0.00067697986187,0.011930212596458,0.670801901474455,6.2298760295e-05,0.159456445808378,0.005606888426534,0.059077222179128,1.187685716930741,22.56039473712807,0.00183989005404,0.058922859695287,0.042733488520006,0.027225942665731,0.42511012724909597,0.042907232840385,0.013761103940678,0.00905408649618,0.270344085882468
2512,0.798676779283347,28.277718160872094,0.0038241437685180004,0.026440839926632,0.000512341503138,0.0032146917843929998,1.5964025455804691,0.878504943291831,0.001908723246983,0.012657848901047,0.000592708797747,0.00266216663395,0.037605196602846995,0.000190872324698,0.00045206603218,0.000110505030089,3.0137735479e-05,0.001537024509413,0.001747988657764,0.01018320595452,0.026303545798341,0.094696113511303,0.001908723246983,0.000411882384875,0.248020168440473,0.002571753427514,0.21476150302110603,0.000415231022151,0.001218903968249,0.770759190318259,0.001406427655672,0.00130596853741,0.006345667636901,0.262549905578475,0.002675561183052,0.009081504290911,0.0006128006214,0.011261467157201999,0.533622093022866,0.000140642765567,0.140726481499081,0.005906996153822,0.1500926199584,1.010605335169458,29.504109682068968,0.001989090541593,0.050768689732482,0.052509981115695,0.024227390687587,0.437951526064418,0.036547027223818,0.012942483069458,0.008110399481041999,0.221663044445725
2513,0.800511355160764,33.204840286416896,0.0031939623761940003,0.031939623761938,0.00037917151114,0.0032519533131920002,0.9845656675095851,1.169576086845325,0.001949387651392,0.012975100416512,0.000370249828525,0.002266107384227,0.031612495399386,0.000352406463295,0.000147207763149,6.6912619613e-05,7.1373460921e-05,0.003263848890012,0.0013308176567469999,0.009656234483707001,0.025116023508515,0.08110106886516,0.002002917747082,0.000276572161067,0.235472943153655,0.002529297021371,0.2092075095349,0.00039106708796,0.001086958331936,0.786589069439954,0.001182122946496,0.0010661410725,0.005312861997272,0.184078103502462,0.002737469615723,0.008172261275401,0.00070481292659,0.009565530710454,0.533757505811584,2.2304206538e-05,0.021417986064570002,0.005625120888799,0.044467153100594,1.218278065293871,32.242852423711795,0.001842327460011,0.044065677382916,0.044806177039967005,0.02185663545981,0.370970997869978,0.029280962342648,0.01001904957672,0.006492011049564,0.279740845342513
2516,0.776098267276231,27.98982416681004,0.003661854502577,0.028303723304952,0.000460472721881,0.003468894504837,0.950234432509981,1.087614641810476,0.002381301790299,0.013227992572385,0.000600807265692,0.003047890873403,0.035808697762531004,0.000456087267387,0.000197345452235,4.8239999435e-05,6.5781817412e-05,0.0019719927041829998,0.001993919976653,0.004667585399892,0.032439206892894,0.128371023951438,0.002881243602627,0.000473629085363,0.27276211316984,0.002977723601497,0.26559920416280103,0.000526254539293,0.001192843622396,0.964466694161519,0.001276167257785,0.001341949075196,0.005465738117819,0.276058513131242,0.002583032697028,0.010810145327969,0.000574494538728,0.009183141710656,0.962687661455076,8.3323635388e-05,0.10586925694218499,0.008200799903976,0.16358768535726398,1.285601832219498,26.694410611069056,0.002061163612229,0.067249482848933,0.049269119423102,0.030486217824852,0.650890617833208,0.039947104986801,0.013843418019724999,0.00761461081993,0.324707821652512
2520,0.7095572667483641,33.14549590023732,0.004142156464065,0.027186374169513,0.00045835337922,0.002805678260682,0.902428356203109,1.174116164277925,0.001703778217708,0.010745840335052999,0.000578729014167,0.002449181187955,0.032421171012325,0.000370386569067,0.00015278445974,9.722647438e-05,6.0187817473e-05,0.002075708064146,0.001635874013379,0.003558797617785,0.026258864469474,0.102867153171482,0.002393623202595,0.000439834050767,0.260347805951884,0.002694562289962,0.25092764087861497,0.000538603802518,0.001117332816685,0.9091570455411561,0.001657479896574,0.001143568531994,0.005518759879097,0.188568432144085,0.002341151771977,0.008745752862093,0.00065280632798,0.009597641970947,0.646426419328277,0.000115745802833,0.14350010307549602,0.005991002754658,0.066905703869827,1.201509337615166,24.291301567108643,0.001763966035181,0.057828146372945,0.047082306037891,0.027053652315597,0.419357846607057,0.044538984930298,0.013244406398884,0.008244187716481,0.283248498861816
2523,0.30077337082409,23.336392581775655,0.004313557404044,0.020776896911450002,0.000333456370184,0.004193855117311,0.985803907304944,1.830047035303538,0.008285108274566,0.012372086350152,0.000589961270325,0.002962631596633,0.035530203751248005,0.000448883575247,0.000410407840226,3.8475735021e-05,0.00117992254065,0.0012312235206779999,0.001932336914398,0.004091253157255,0.03438020678228,0.11530322769521101,0.002860029636576,0.000641262250353,0.9740816333684809,0.00275742767652,0.325996352671322,0.000427508166902,0.000880666823819,13.950318249904662,0.001090145825601,0.001462077930806,0.007549794227494,0.193618448790036,0.002445346714681,0.010619302865852,0.000846466170466,0.010089192738893001,0.8533234014636,0.0,0.008032878456093,0.005489204863025,0.08545888256376401,1.182175508689829,25.248786240187897,0.001667281850919,0.377335808434616,0.040579075202363,0.03490604182757,0.547150602491536,0.041335764657781,0.012350710941807001,0.009003321994962,0.19974036574007703
2525,0.511138557860328,41.80498206143148,0.00401814239487,0.030491338947771,0.000367664160189,0.003118948774633,1.004641629205546,1.090396884785702,0.002189460729213,0.018441042821142,0.000404843682005,0.002255557656887,0.032136877042998,0.000371795218168,0.000227208188881,0.000144587029288,7.4359043634e-05,0.002261065734194,0.001781863008554,0.004833337836187,0.024877231153432,0.104046203294706,0.002210116019111,0.000334615696351,0.283463559428064,0.0028008573102,0.263012068390161,0.000382811372781,0.000808310344684,0.9492978454522201,0.001495442988632,0.001119516712484,0.005998296186447,0.412860688524535,0.002028349468006,0.008026645654454,0.000516382247456,0.00941605815494,0.695496659337344,8.6752217573e-05,0.151992639225812,0.005229919402233,0.05910442353413,1.237832967059962,24.140199460147784,0.001701995887614,0.056558314799342,0.039185838975601,0.025225617043049,0.40420887609583,0.045127677369659,0.014141988483658,0.007955040649472,0.234272298025758
2529,0.622884714109461,39.51727126226823,0.0037042843413719996,0.02732189739035,0.000485073258481,0.00296011572796,0.86476483857848,1.234166631722886,0.001671457252116,0.010334592916635,0.00035357749564,0.002095165821271,0.031910612492166,0.000359421751766,0.000242536629241,7.0131073515e-05,4.675404901e-05,0.001955877716927,0.001672431294804,0.004067602263889,0.023584495597595,0.096885104018749,0.002033801131945,0.000254225141493,0.262598012436675,0.002611408445759,0.266133787393072,0.000405201758089,0.000740272442662,0.9540183181389991,0.001420154238685,0.001119175048182,0.005788735693078,0.229315947840209,0.002494523323233,0.007948188331738,0.000613646893259,0.009911858390168,0.654863509589767,4.3831920947e-05,0.136768255909847,0.0049150194022,0.048876488026751,1.087981331108231,24.602550404152165,0.001919838137482,0.055259389759334,0.040497772827043,0.02679786242436,0.405109224033277,0.045035837709098,0.013087237552112,0.008872554842378,0.224949314471191
2401k,0.791713096615126,20.96520943385907,0.002561788742287,0.023768177616222998,0.000269572739923,0.001927699404354,0.669630553950787,0.820665887053261,0.003097543370058,0.009338406613179,0.000417074805164,0.003611257459345,0.020709629045021997,0.000366212024046,5.0862781118e-05,2.0345112447e-05,1.5258834335e-05,0.000944352302749,0.000667997858677,0.001493670338818,0.031621391020769,0.11950549508771299,0.00284322946447,0.000228882515029,0.22731763679650901,0.002390550712524,0.27539822378691203,0.000469633012319,0.000612048799448,0.849345713899399,0.00020345112447,0.001464848096185,0.001747984244406,0.493272337555933,0.003180619245883,0.011601800372909,0.000361125745934,0.0028093209437239997,0.787360937977501,1.5258834335e-05,0.003609562033309,0.008092268475799,0.054957234997493,0.993556957201938,63.09485611978853,0.001230879303044,0.135752762802692,0.032219876411919,0.028866323710236,0.714149050836926,0.031321300612176,0.007834563718136,0.004854004744649,0.349912198124096
2402k,0.566789959915994,11.813398133255337,0.002262911108603,0.015281577261973999,0.000277091156155,0.0008174189106589999,0.495789969337093,0.565053522004087,0.001773383399395,0.006788733325808,0.000471054965464,0.002327565711706,0.016570051138097,0.000581891427926,9.6981904654e-05,4.1563673423e-05,2.7709115616e-05,0.001131455554302,0.0004895277092080001,0.002124365530526,0.023007802332775,0.083247419680973,0.001676401494741,0.000332509387387,0.165044728978063,0.00242454761636,0.134564701800963,0.000295563899899,0.000803564352851,0.30037604964439,0.000180109251501,0.001136073740237,0.002738584260003,0.290151385982254,0.00184727437437,0.006234551013498,0.000346363945194,0.003500584939431,0.541939501394784,0.000138545578078,0.018745216713916,0.004627422307796,0.05381110252539,0.681279407453493,12.895212806931545,0.000526473196695,0.048874261759887,0.021631582923869,0.01596506878049,0.34236921435975,0.022347401743938,0.003278912014507,0.0045073494734630005,0.196937921051557
2403k,1.188638908082908,29.733999853069307,0.003715764510208,0.034822663174222,0.000365642774418,0.002203478824785,0.784271677200038,0.634937074081297,0.002357433677172,0.009830658803444,0.000591763963861,0.002506577440421,0.02365131419791,0.000452242378886,7.2166337056e-05,3.367762396e-05,1.9244356548e-05,0.001897172816391,0.000959010434659,0.002166593808067,0.02957697231842,0.10323955809633001,0.002299700607527,0.000490731091983,0.292326587058431,0.002444033281639,0.253748066964524,0.000299891222878,0.000950991952764,0.7873283224984661,0.000274232080814,0.001226827729957,0.001820195390197,0.424362117336595,0.001956509582415,0.010228375505443,0.000586952874724,0.004065370320836,0.761367685514755,1.4433267411e-05,0.006273660234759,0.0078228309369,0.070793572955829,1.871977142579659,26.523741289583235,0.001635770306609,0.070301238167467,0.034457020399803,0.026767296262363,0.459014788694639,0.042688793913357004,0.007943108165327,0.006278471323896,0.510405239160604
2404k,0.807667022472307,33.634701889068694,0.0040234313330450005,0.042225411120457995,0.000365230955562,0.0020676784742299998,0.789519363916911,0.54514450971475,0.00206767847423,0.008404239192501,0.000718680267396,0.002167822445916,0.021373865329527997,0.00034755848997,3.5344931183e-05,8.8362327959e-05,2.3563287456e-05,0.000838460311962,0.001034821040759,0.0020676784742299998,0.028448742388076,0.125525559490624,0.002156040802189,0.000500719858432,0.273705256262533,0.002134441122021,0.277665852162364,0.000312213558787,0.001070165971942,0.8744964329110021,0.000200287943373,0.001390233959881,0.001726010806124,0.443563177493605,0.001545358935631,0.010644715108073,0.000547846433343,0.003330277960393,0.761072585136121,5.890821864e-06,0.005582535519692,0.007228038427009,0.070911749990378,2.138374227418713,25.80431121761715,0.001484487109704,0.069778748585221,0.03349914033273,0.027840024128806,0.433860993883755,0.060722591773113996,0.008150933852354,0.006446522726398,0.439643817346821
2405k,0.6320805323086469,16.805772041476317,0.002522291971052,0.018498969134733,0.000194521231701,0.001001784343259,0.504393553799809,0.872071101919334,0.001322744375564,0.006529429344086,0.000379316401816,0.001556169853605,0.014738225321853999,0.000282055785966,1.945212317e-05,2.9178184755e-05,9.726061585e-06,0.001225483759714,0.0006062578388,0.001403794888773,0.017033575855921,0.061199621513554,0.001497813484095,0.000379316401816,0.15958521848721902,0.001760417146891,0.146357774731576,0.000220457395927,0.000687308352009,0.347217156565147,0.000272329724381,0.000671098249367,0.001588590058889,0.247006302034024,0.001384342765603,0.005709198150413999,0.000301507909136,0.00282055785966,0.428925799941008,9.726061585e-06,0.031142849195276,0.004473988329115,0.046461396191702004,1.069681979183506,15.422969235624278,0.000418220648156,0.039082557469191,0.021219024358014003,0.016099873943758,0.251940657278164,0.02825420890452,0.003640789053331,0.00403307353726,0.18695111376697401
2406k,0.610221520580221,17.373234105286258,0.002244609340723,0.017821860630097,0.000189863572054,0.000759454288214,0.48049828977223097,0.514884692266379,0.001202469289673,0.005531358732494,0.000291124143815,0.001544223719369,0.014087877046377,0.000278466572345,2.531514294e-05,1.265757147e-05,0.0,0.00106745519399,0.000624440192532,0.001219346051633,0.017214297199525,0.060199409912458,0.001658141862601,0.000405042287048,0.159168961238255,0.001852224625145,0.143528422091529,0.000177206000583,0.000447234191948,0.339703903118271,0.000253151429405,0.000784769431155,0.001991457911318,0.164987224924075,0.001337483385355,0.005581989018374999,0.000379727144107,0.0029660909145260003,0.412936392454585,2.531514294e-05,0.018956822871928,0.004278259156941,0.040525324657215,0.973721658062543,12.847329562530252,0.000645536144982,0.03917940289088,0.021408172546664002,0.016260760148767,0.259530845425779,0.026935312088669002,0.003345818058633,0.004041984489496,0.176750328010417
2407k,1.010611430187119,31.286587034770324,0.003742617034662,0.035148055629872,0.000408370838648,0.001999608934071,0.789620220909221,0.625919841623461,0.002131038629268,0.009340896194370002,0.000516330945417,0.002534715550231,0.022782711806738,0.000596127546073,6.5714847599e-05,5.6327012227e-05,6.5714847599e-05,0.001076471789234,0.001073342510777,0.0020966165662409998,0.029047527277803,0.11010992106911299,0.00214042646464,0.000483473521618,0.309867411376527,0.002337571007435,0.28258323250928497,0.000398983003277,0.000755720747384,0.855148876439611,0.000187756707425,0.001314296951972,0.001738314182905,0.419888148009614,0.001965186871043,0.00972579744459,0.000582045793016,0.003880305286773,0.817462975981051,4.693917686e-06,0.007583806340723,0.007397614272526,0.07284960248071701,1.598178835040665,30.17083028378625,0.001699198202192,0.079550952296544,0.035234110787441,0.028948955006405,0.480134581504457,0.048201840713562004,0.008240954816708,0.007048699724561999,0.329049888318399
2409k,0.870084404618346,37.092380290127124,0.004177960450711,0.035597961174612,0.000318658000478,0.00195540136657,0.762427891355839,0.47160740317210503,0.002134042972898,0.007375806142377,0.000420049182448,0.002322340882272,0.020498721980245,0.000420049182448,3.3797060657e-05,3.8625212179e-05,2.4140757612e-05,0.000970458456002,0.0010815059410160001,0.001862057103804,0.028297796072753,0.116229700982436,0.001902291699823,0.000487643303762,0.264054825527423,0.00203747994245,0.29164127394254297,0.000288079707503,0.000465111929991,0.947078936945967,0.000135188242627,0.00100908366818,0.001372804416201,0.409417592795986,0.001409820244539,0.010602620743178,0.00058420633421,0.002747218216242,0.791107111398862,4.828151522e-06,0.004488571531986001,0.007193945768367,0.0634000670244,1.763776860797358,26.539214302993276,0.001839525730032,0.077488613166746,0.032385631028379006,0.029971555267183,0.468325869520719,0.051830206592902,0.009186362963275,0.006379597544923,0.44546135329450004
2410k,0.601668683176522,14.811074864984576,0.001894554969605,0.018718656885317,0.000187186568853,0.000986983726681,0.48296403692226797,0.968236708193724,0.001497492550825,0.007322965466346001,0.00049349186334,0.001497492550825,0.015837118189032,0.000357356176902,3.403392161e-05,1.7016960805e-05,1.7016960805e-05,0.001542871112971,0.000521853464682,0.0019058996101419998,0.017782724041052,0.05570218503449,0.001480475590021,0.000204203529658,0.166856973011668,0.001803797845312,0.133787345847606,0.00016449728778,0.00048214722280299994,0.307553204946038,0.000255254412073,0.000782780197022,0.00191157193041,0.270393834868547,0.001338667583314,0.005326308731913,0.000255254412073,0.003862850102697,0.448725911782941,1.7016960805e-05,0.019308578193219,0.004781765986158,0.04183336197855,1.111978976112158,15.608393218854546,0.000714712353803,0.036251798834565,0.021424353653287,0.014566518448938,0.24740392082121598,0.023500422871476,0.003443098402846,0.004174827717454,0.24453372676546703
7Hch,1.10020330957214,40.821363998135475,0.00336428264382,0.031964935631316,0.000264594560427,0.002123132255955,0.757661741952658,0.675321827479607,0.001960550056174,0.007702995857565001,0.000583383187447,0.002390914702652,0.020604371593072,0.000344291717182,1.2751545081e-05,4.7818294053e-05,4.1442521513e-05,0.000945739593493,0.0010668792717610002,0.001769276879962,0.027630472932598,0.107126792852627,0.002148635346116,0.000379358466154,0.25394276976927,0.001819220431529,0.295708330423945,0.000334728058371,0.000829913059009,0.977888363899514,0.000239091470265,0.001150826943543,0.001607757308939,0.407258846790855,0.001599256278885,0.009962144594382,0.000398485783775,0.003313276463496,0.880521816177488,6.37577254e-06,0.010760178790688999,0.007552102574109,0.06443355729332499,1.782582054625217,28.581894402053592,0.001664076633045,0.074113042638415,0.033514248358635,0.03017759406249,0.477647375636918,0.047920306413678004,0.008945208874186001,0.006092050662356,0.35427405172258203
7_1Hch,0.940907208152895,33.46708759446329,0.0040213493659189995,0.036723405126939,0.000323183673812,0.002129470508265,0.8305303913367641,1.597102881198686,0.002173742244403,0.010269567059608999,0.000531260833663,0.002629741126631,0.024345027702597,0.000447144534999,5.755325698e-05,6.6407604208e-05,1.3281520842e-05,0.001877121612275,0.0010743274636290001,0.002139800580031,0.028180435776734,0.116895092100263,0.002116188987423,0.000429435840544,0.312244127811676,0.002309508901895,0.266172007736811,0.000268581865907,0.000942987979751,0.746452461511482,0.000256776069604,0.0011820553549,0.002440848385773,0.644329372036118,0.002129470508265,0.009416598276672999,0.00056225104896,0.004024300814995,1.0023519507396,1.3281520842e-05,0.019550398678789,0.006857691927864,0.06767672731048399,2.161459789074101,25.4250204727265,0.001332579257771,0.068013192505137,0.032870288358346,0.025358850460169,0.417510510552878,0.051629698684793,0.007607359993142,0.0063647999321879995,0.41540760308629404
